N_CTX,triton
1024.000000,0.170863
4096.000000,1.785688
8192.000000,6.602752
16384.000000,25.601023
32768.000000,100.239357
65536.000000,401.084412
131072.000000,1685.690308
