N_CTX,torch
1024.000000,2.713410
4096.000000,55.405567
8192.000000,205.538300
