N_CTX,Triton + Pooling,Flash-2,triton,torch
1024.000000,0.000000,0.870149,0.000000,0.000000
4096.000000,0.000000,11.770369,0.000000,0.000000
8192.000000,0.000000,45.091839,0.000000,0.000000
16384.000000,0.000000,178.871292,0.000000,0.000000
32768.000000,0.000000,710.341614,0.000000,0.000000
131072.000000,0.000000,12726.863281,0.000000,0.000000
