N_CTX,torch
1024.000000,0.133627
4096.000000,1.800995
8192.000000,6.148574
16384.000000,24.369663
32768.000000,103.041023
