N_CTX,Triton-fp16,Torch-fp16
16384.000000,1.412856,2.769137
32768.000000,2.713454,5.288505
65536.000000,6.221141,10.958507
