N_DOWNSAMPLE,Torch,Triton
128.000000,0.067584,0.033792
256.000000,0.132096,0.076800
512.000000,0.374784,0.208896
1024.000000,1.263616,0.691200
