N_DOWNSAMPLE,Torch,Triton
128.000000,0.047104,0.024576
256.000000,0.076800,0.047104
512.000000,0.197632,0.114688
1024.000000,0.687104,0.358400
