N_DOWNSAMPLE,Torch,Triton
128.000000,0.067584,0.033792
256.000000,0.131072,0.076800
512.000000,0.374784,0.207872
1024.000000,1.246208,0.692224
