N_DOWNSAMPLE,Torch,Triton
128.000000,0.057344,0.026624
256.000000,0.098304,0.056320
512.000000,0.310272,0.153600
1024.000000,1.054720,0.519168
