nz,Triton-fp16,Torch-fp16
1.000000,28.403711,34.821121
0.875000,27.427156,33.839615
0.750000,20.349953,26.773844
0.625000,20.161791,26.599764
0.500000,19.893248,26.308266
0.375000,16.798311,23.219713
0.250000,16.527361,22.946560
0.125000,16.191660,22.614271
0.100000,16.125610,22.551552
0.050000,13.803228,20.232449
0.000000,4.679219,11.099648
