N_CTX,Triton [FP16] + Pooling,Triton [FP8] + Pooling,Flash-2
1024.000000,0.287640,0.264005,0.140029
2048.000000,0.933337,0.870285,0.435575
4096.000000,3.476404,3.258968,1.558827
8192.000000,13.123877,12.383818,5.911779
16384.000000,50.962433,48.148479,22.614529
32768.000000,201.065475,189.728775,92.195839
65536.000000,816.200684,766.518250,382.745605
