N_CTX,Triton [FP16] + Pooling,Triton [FP8] + Pooling,Flash-2
1024.000000,0.536114,0.474746,0.248097
2048.000000,1.803510,1.646294,0.832896
4096.000000,6.843976,6.336171,3.076389
8192.000000,26.012331,24.370689,11.694336
16384.000000,101.573631,95.526909,46.310913
