N_CTX,Triton [FP16] + Pooling,Triton [FP8] + Pooling,Flash-2
1024.000000,0.434613,0.387839,0.194343
2048.000000,1.565882,1.441126,0.759960
4096.000000,6.239641,5.750241,2.930799
8192.000000,24.351744,22.844673,11.511126
16384.000000,96.635902,92.290047,46.183426
32768.000000,389.714935,367.799286,183.587845
65536.000000,1597.973511,1475.773438,740.099060
