N_CTX,Triton [FP16] + Pooling,Triton [FP8] + Pooling,Flash-2
1024.000000,2.113298,2.133206,0.966428
2048.000000,6.989982,6.920923,2.903371
4096.000000,24.708437,24.725506,9.972020
8192.000000,93.205505,93.603844,35.613182
16384.000000,369.049591,367.425537,136.611847
