N_CTX,Triton [FP16] + Pooling,Triton [FP8] + Pooling,Flash-2
1024.000000,1.196898,1.199823,0.531422
2048.000000,3.830101,3.838198,1.538345
4096.000000,13.398747,13.386751,5.136691
8192.000000,50.781185,50.644993,18.572289
16384.000000,196.132858,198.092804,68.350975
32768.000000,787.214355,789.448730,265.150452
65536.000000,3179.940918,3187.259277,1049.221069
