N_CTX,Triton [FP16] + Pooling,Triton [FP8] + Pooling,Flash-2
1024.000000,0.811088,0.734797,0.386430
2048.000000,3.044523,2.793352,1.467685
4096.000000,12.275859,11.430400,5.768078
8192.000000,48.892418,45.606400,22.825216
16384.000000,193.369095,181.597183,90.821632
