nz,Triton [FP16],Flash-2
1.000000,10.250240,5.462501
0.875000,8.987750,5.483789
0.750000,7.723094,5.400252
0.625000,6.464921,5.462501
0.500000,5.418647,5.507341
0.375000,3.982103,5.473496
0.250000,2.723245,5.520222
0.125000,1.421642,5.463579
0.100000,1.106804,5.476999
0.050000,0.623223,5.463633
0.000000,0.045438,5.498934
