nz,Triton [FP16],Flash-2
1.000000,5.100059,2.826766
0.875000,4.317929,2.861436
0.750000,3.761731,2.953421
0.625000,3.032427,2.946194
0.500000,2.435207,2.958950
0.375000,1.833873,2.944936
0.250000,1.252381,2.936715
0.125000,0.661816,2.960794
0.100000,0.532679,2.945112
0.050000,0.310228,2.968927
0.000000,0.045269,2.940021
