Z,Torch,Triton
0.000000,0.002048,0.002048
1.000000,0.030720,0.032768
2.000000,0.050176,0.059392
3.000000,0.069632,0.090112
4.000000,0.092160,0.135168
5.000000,0.115712,0.187392
